date,open,close,high,low,amount,volume
2022-03-29 15:00:00,58.01,65.38,74.72,56.14,1301657472.00,394582.00
2022-03-30 15:00:00,63.45,61.70,69.91,61.41,1220791552.00,350418.00
2022-03-31 15:00:00,59.15,57.13,64.56,56.53,1040669888.00,318689.00
2022-04-01 15:00:00,53.33,53.37,54.98,50.47,752426624.00,267061.00
2022-04-06 15:00:00,55.20,54.21,58.48,53.80,716607296.00,237398.00
2022-04-07 15:00:00,52.45,65.04,65.04,51.85,875565824.00,283041.00
2022-04-08 15:00:00,60.50,52.92,61.19,52.92,809703168.00,262123.00
2022-04-11 15:00:00,51.78,52.99,56.57,51.14,513272096.00,176807.00
2022-04-12 15:00:00,52.92,55.15,56.32,51.27,519062560.00,178866.00
2022-04-13 15:00:00,55.20,57.35,60.63,53.70,637809920.00,209351.00
2022-04-14 15:00:00,56.62,54.27,57.24,53.20,539608960.00,182710.00
2022-04-15 15:00:00,53.99,54.75,57.99,53.52,477779936.00,160279.00
2022-04-18 15:00:00,54.10,51.42,54.81,50.54,430170784.00,154668.00
2022-04-19 15:00:00,50.67,47.89,50.69,47.59,413062784.00,158230.00
2022-04-20 15:00:00,48.28,49.78,51.35,46.41,473946272.00,180939.00
2022-04-21 15:00:00,48.65,45.57,50.11,45.32,340743776.00,133611.00
2022-04-22 15:00:00,45.10,45.81,47.79,44.97,274852000.00,110555.00
2022-04-25 15:00:00,44.91,43.04,47.25,42.80,253212064.00,104793.00
2022-04-26 15:00:00,43.06,42.46,44.03,40.74,251320224.00,111280.00
2022-04-27 15:00:00,40.55,41.86,42.35,39.73,211809184.00,96283.00
2022-04-28 15:00:00,41.17,39.88,43.23,39.76,230259904.00,104542.00
2022-04-29 15:00:00,40.57,41.69,42.57,40.04,231606048.00,104869.00
2022-05-05 15:00:00,42.48,44.39,45.38,41.92,277855488.00,119391.00
2022-05-06 15:00:00,43.41,45.30,49.51,43.09,364107840.00,147317.00
2022-05-09 15:00:00,44.70,46.00,46.76,44.70,281214688.00,115293.00
2022-05-10 15:00:00,45.66,47.89,48.56,45.10,323805536.00,128391.00
2022-05-11 15:00:00,48.62,46.16,49.10,46.07,351353568.00,138522.00
2022-05-12 15:00:00,45.27,46.78,47.06,44.65,241796800.00,98639.00
2022-05-13 15:00:00,47.31,47.10,49.81,46.71,298288864.00,116009.00
2022-05-16 15:00:00,47.12,46.56,48.43,46.18,219574096.00,87029.00
2022-05-17 15:00:00,46.54,44.84,46.74,43.99,189620672.00,79375.00
2022-05-18 15:00:00,45.47,44.93,46.29,44.48,144979472.00,59853.00
2022-05-19 15:00:00,44.03,45.10,45.62,44.03,119526544.00,49726.00
2022-05-20 15:00:00,45.32,45.15,46.33,44.91,115356408.00,47527.00
2022-05-23 15:00:00,45.53,47.01,47.66,45.51,172792736.00,69096.00
2022-05-24 15:00:00,46.56,42.68,46.87,42.40,213777952.00,90117.00
2022-05-25 15:00:00,42.85,43.21,43.36,42.27,102282912.00,44674.00
2022-05-26 15:00:00,43.04,42.29,43.13,41.60,101281336.00,44784.00
2022-05-27 15:00:00,42.31,42.27,43.00,41.69,78168256.00,34488.00
2022-05-30 15:00:00,22.86,22.72,22.86,22.39,64726772.00,29115.00
2022-05-31 15:00:00,22.86,22.96,23.09,22.02,88285856.00,39853.00
2022-06-01 15:00:00,22.95,22.97,23.42,22.75,79681768.00,35264.00
2022-06-02 15:00:00,23.18,23.22,23.23,22.47,79704880.00,35605.00
2022-06-06 15:00:00,23.01,23.68,23.72,23.01,111869080.00,48518.00
2022-06-07 15:00:00,23.93,25.06,25.40,23.50,277573632.00,115271.00
2022-06-08 15:00:00,25.06,24.17,25.07,23.48,213949520.00,90469.00
2022-06-09 15:00:00,23.72,23.08,24.44,22.94,148405184.00,64363.00
2022-06-10 15:00:00,22.76,23.38,23.44,22.62,100317712.00,44086.00
2022-06-13 15:00:00,23.10,24.07,24.18,23.10,114194544.00,49039.00
2022-06-14 15:00:00,23.74,24.15,24.35,23.58,107351520.00,45601.00
2022-06-15 15:00:00,24.22,24.22,24.80,24.05,147997728.00,61825.00
2022-06-16 15:00:00,24.19,25.06,25.31,24.11,180114928.00,73632.00
2022-06-17 15:00:00,25.06,27.76,28.85,25.01,432697248.00,162466.00
2022-06-20 15:00:00,28.17,28.48,29.05,27.56,279637792.00,100675.00
2022-06-21 15:00:00,29.09,27.35,29.16,27.01,221673184.00,81563.00
2022-06-22 15:00:00,27.54,28.17,29.07,27.44,216692560.00,78093.00
2022-06-23 15:00:00,29.85,31.44,33.27,29.23,514561536.00,168643.00
2022-06-24 15:00:00,32.25,31.96,34.70,31.55,415393920.00,129077.00
2022-06-27 15:00:00,32.25,31.00,33.36,30.11,379734816.00,123406.00
2022-06-28 15:00:00,30.96,31.86,32.57,30.80,222798608.00,71799.00
2022-06-29 15:00:00,31.92,32.71,34.65,31.64,345354848.00,106264.00
2022-06-30 15:00:00,33.15,35.48,38.17,32.76,337068704.00,96321.00
2022-07-01 15:00:00,34.65,35.41,36.45,34.51,224947056.00,64711.00
2022-07-04 15:00:00,35.70,35.36,36.21,34.42,172709280.00,50071.00
2022-07-05 15:00:00,35.40,34.04,35.40,33.63,223593680.00,66575.00
2022-07-06 15:00:00,33.70,35.19,36.22,33.32,221349072.00,64515.00
2022-07-07 15:00:00,35.23,34.15,35.26,34.02,151856016.00,44934.00
2022-07-08 15:00:00,33.78,33.19,34.37,33.08,128526528.00,39066.00
2022-07-11 15:00:00,32.81,33.10,34.29,32.34,95636080.00,29423.00
2022-07-12 15:00:00,33.10,31.73,33.37,31.62,94032448.00,29982.00
2022-07-13 15:00:00,31.69,31.13,32.14,30.82,89830704.00,29216.00
2022-07-14 15:00:00,31.25,31.60,32.11,30.99,82517944.00,26647.00
2022-07-15 15:00:00,30.83,30.47,32.84,30.45,85988576.00,28486.00
2022-07-18 15:00:00,30.63,29.96,30.79,29.66,126709352.00,42992.00
2022-07-19 15:00:00,29.94,30.10,30.36,29.63,85054360.00,28941.00
2022-07-20 15:00:00,29.98,30.88,31.52,29.81,160094192.00,53431.00
2022-07-21 15:00:00,30.78,29.44,30.81,29.08,162158960.00,56017.00
2022-07-22 15:00:00,29.37,28.64,29.78,28.37,97030400.00,34254.00
2022-07-25 15:00:00,28.83,28.56,29.26,28.49,65250692.00,23130.00
2022-07-26 15:00:00,28.56,28.43,28.64,27.95,62707624.00,22700.00
2022-07-27 15:00:00,28.42,28.93,29.22,28.27,92236680.00,32653.00
2022-07-28 15:00:00,29.09,29.30,29.68,28.83,106969824.00,37303.00
2022-07-29 15:00:00,29.22,27.76,29.37,27.75,136865072.00,49330.00
2022-08-01 15:00:00,27.43,28.10,28.38,27.42,67377168.00,24561.00
2022-08-02 15:00:00,27.76,26.17,27.81,25.52,144482544.00,55623.00
2022-08-03 15:00:00,26.39,26.05,26.84,25.86,62650248.00,24177.00
2022-08-04 15:00:00,26.29,26.72,26.91,26.00,57772992.00,22263.00
2022-08-05 15:00:00,26.72,27.01,27.08,26.54,56594672.00,21475.00
2022-08-08 15:00:00,26.88,27.22,27.52,26.88,49323544.00,18478.00
2022-08-09 15:00:00,27.24,27.01,27.45,26.70,59808712.00,22524.00
2022-08-10 15:00:00,27.35,27.74,28.07,27.01,107519104.00,39686.00
2022-08-11 15:00:00,27.51,27.75,28.04,27.24,76995816.00,28443.00
2022-08-12 15:00:00,27.85,27.45,27.90,27.25,63266532.00,23426.00
2022-08-15 15:00:00,27.38,27.44,27.65,26.88,45168020.00,16914.00
2022-08-16 15:00:00,27.66,26.83,27.72,26.75,79540344.00,29841.00
2022-08-17 15:00:00,26.76,25.92,27.22,25.77,125162728.00,48765.00
2022-08-18 15:00:00,25.88,25.95,26.17,25.43,73972832.00,29336.00
2022-08-19 15:00:00,25.82,27.23,28.05,25.78,171534112.00,64660.00
2022-08-22 15:00:00,27.41,28.60,29.37,26.77,247391536.00,88587.00
2022-08-23 15:00:00,28.61,28.79,28.95,28.07,120236768.00,42857.00
2022-08-24 15:00:00,30.01,30.82,32.65,30.01,404884640.00,131849.00
2022-08-25 15:00:00,30.45,31.96,32.22,29.48,307894656.00,101960.00
2022-08-26 15:00:00,31.87,31.25,32.46,31.05,188600176.00,60833.00
2022-08-29 15:00:00,30.65,31.82,32.30,30.63,162912800.00,52421.00
2022-08-30 15:00:00,30.92,32.93,33.27,30.37,275304416.00,88025.00
2022-08-31 15:00:00,32.54,31.13,32.80,30.64,213409552.00,69147.00
2022-09-01 15:00:00,30.92,30.79,32.07,30.69,152888064.00,49685.00
2022-09-02 15:00:00,31.14,31.79,32.51,31.14,161544224.00,51803.00
2022-09-05 15:00:00,31.80,32.30,32.82,31.34,136085584.00,43183.00
2022-09-06 15:00:00,32.66,31.80,32.95,31.79,141700544.00,44748.00
2022-09-07 15:00:00,31.80,32.05,32.58,31.19,139287584.00,44738.00
2022-09-08 15:00:00,32.08,34.27,34.70,31.64,239020656.00,72280.00
2022-09-09 15:00:00,33.90,34.21,34.65,33.36,143947776.00,43251.00
2022-09-13 15:00:00,34.14,35.52,35.92,33.43,152147248.00,44010.00
2022-09-14 15:00:00,34.77,34.58,35.64,34.22,126918808.00,37319.00
2022-09-15 15:00:00,34.70,32.87,35.40,32.13,185641488.00,56635.00
2022-09-16 15:00:00,32.63,32.38,33.22,31.98,111449328.00,34893.00
2022-09-19 15:00:00,32.64,33.37,34.59,32.10,148858064.00,44959.00
2022-09-20 15:00:00,33.69,33.97,35.52,33.19,108013752.00,32208.00
2022-09-21 15:00:00,34.00,33.35,34.80,32.78,101946440.00,30769.00
2022-09-22 15:00:00,33.27,32.80,34.07,32.55,70592008.00,21687.00
2022-09-23 15:00:00,32.97,29.29,33.15,28.78,202591408.00,68230.00
2022-09-26 15:00:00,29.13,29.26,30.69,28.83,114037696.00,39194.00
2022-09-27 15:00:00,28.88,30.32,30.42,28.68,87265408.00,29945.00
2022-09-28 15:00:00,30.17,28.48,30.36,28.48,85522480.00,29861.00
2022-09-29 15:00:00,28.53,28.42,29.48,28.12,110121096.00,39142.00
2022-09-30 15:00:00,28.44,27.95,29.26,27.92,75018408.00,26777.00
2022-10-10 15:00:00,27.95,26.70,28.32,26.39,75090408.00,28158.00
2022-10-11 15:00:00,26.99,27.10,27.18,26.09,49692920.00,18926.00
2022-10-12 15:00:00,27.08,27.43,27.64,25.83,71829216.00,27440.00
2022-10-13 15:00:00,27.20,29.39,29.94,27.04,112734720.00,39755.00
2022-10-14 15:00:00,29.39,30.64,31.35,29.20,97908192.00,32740.00
2022-10-17 15:00:00,30.62,34.69,35.42,30.21,186438672.00,57152.00
2022-10-18 15:00:00,35.71,35.22,36.46,33.62,206881648.00,59857.00
2022-10-19 15:00:00,35.11,35.18,35.80,34.19,116187712.00,33998.00
2022-10-20 15:00:00,34.71,36.21,38.07,34.50,163395248.00,45816.00
2022-10-21 15:00:00,36.22,38.15,38.20,35.73,138748384.00,38220.00
2022-10-24 15:00:00,38.15,35.05,38.15,34.80,154898080.00,43806.00
2022-10-25 15:00:00,34.80,34.44,35.51,33.48,93312104.00,27703.00
2022-10-26 15:00:00,34.56,35.60,36.72,34.18,104200224.00,29773.00
2022-10-27 15:00:00,35.60,34.94,35.76,34.20,107713160.00,31602.00
2022-10-28 15:00:00,35.62,32.61,35.62,32.31,137550832.00,41767.00
2022-10-31 15:00:00,33.17,33.48,33.82,32.56,99311088.00,30400.00
2022-11-01 15:00:00,33.68,31.84,33.99,30.88,185841632.00,59813.00
2022-11-02 15:00:00,31.65,31.32,32.65,31.08,173612272.00,55824.00
2022-11-03 15:00:00,30.64,31.64,31.98,30.62,105596496.00,34284.00
2022-11-04 15:00:00,31.95,32.74,33.52,31.14,187310352.00,59175.00
2022-11-07 15:00:00,32.56,32.76,33.35,32.07,168042928.00,52473.00
2022-11-08 15:00:00,32.47,32.87,33.02,31.54,128335816.00,40542.00
2022-11-09 15:00:00,32.48,34.80,35.69,32.48,199947216.00,59156.00
2022-11-10 15:00:00,34.78,32.87,34.78,32.41,206381632.00,63451.00
2022-11-11 15:00:00,33.29,32.12,34.11,31.84,169534336.00,52038.00
2022-11-14 15:00:00,31.64,32.36,32.97,30.77,110734928.00,35333.00
2022-11-15 15:00:00,32.35,32.95,33.13,31.22,137833344.00,43604.00
2022-11-16 15:00:00,32.64,32.81,34.04,32.26,118509776.00,36518.00
2022-11-17 15:00:00,32.84,33.48,33.89,32.51,133883928.00,40992.00
2022-11-18 15:00:00,33.22,33.55,33.94,32.86,162134192.00,49561.00
2022-11-21 15:00:00,33.68,34.51,35.23,33.25,177717296.00,52847.00
2022-11-22 15:00:00,34.00,32.62,34.29,32.48,141743936.00,43782.00
2022-11-23 15:00:00,32.37,30.81,32.77,30.21,126049432.00,41429.00
2022-11-24 15:00:00,30.80,31.45,31.53,30.63,61734436.00,20271.00
2022-11-25 15:00:00,31.14,30.50,31.14,30.21,77807056.00,25984.00
2022-11-28 15:00:00,30.38,30.47,31.10,29.91,73485792.00,24628.00
2022-11-29 15:00:00,30.47,31.12,31.27,30.27,54464836.00,17910.00
2022-11-30 15:00:00,30.93,30.80,31.21,30.42,55862392.00,18561.00
2022-12-01 15:00:00,31.13,31.47,31.59,30.79,69508008.00,22724.00
2022-12-02 15:00:00,31.47,32.29,33.51,31.27,123196096.00,38389.00
2022-12-05 15:00:00,32.66,33.68,33.73,31.96,140770880.00,43277.00
2022-12-06 15:00:00,33.50,33.47,34.68,33.22,115820440.00,34949.00
2022-12-07 15:00:00,33.47,33.56,33.94,32.69,67058992.00,20470.00
2022-12-08 15:00:00,33.73,34.49,34.89,33.37,124692632.00,37227.00
2022-12-09 15:00:00,34.98,35.01,35.57,34.38,112171400.00,32635.00
2022-12-12 15:00:00,35.07,35.64,36.11,34.74,81874416.00,23454.00
2022-12-13 15:00:00,35.50,35.72,36.31,34.75,93171608.00,26797.00
2022-12-14 15:00:00,35.57,35.49,35.94,34.83,91618792.00,26348.00
2022-12-15 15:00:00,35.48,35.56,36.09,34.78,77201440.00,22136.00
2022-12-16 15:00:00,35.62,35.31,35.96,35.29,71508712.00,20484.00
2022-12-19 15:00:00,35.37,35.72,35.82,34.43,103266480.00,29684.00
2022-12-20 15:00:00,35.96,36.78,37.29,35.20,109632496.00,30687.00
2022-12-21 15:00:00,36.73,35.85,37.44,35.57,94733632.00,26570.00
2022-12-22 15:00:00,36.39,35.94,36.62,35.52,80201080.00,22732.00
2022-12-23 15:00:00,35.79,35.72,36.13,35.00,67076736.00,19257.00
2022-12-26 15:00:00,35.53,35.00,36.11,34.65,70936368.00,20488.00
2022-12-27 15:00:00,35.09,34.70,35.34,34.02,65856748.00,19493.00
2022-12-28 15:00:00,34.60,33.57,34.70,33.42,49304332.00,14899.00
2022-12-29 15:00:00,33.65,33.66,34.53,33.57,38257980.00,11480.00
2022-12-30 15:00:00,33.67,33.17,33.82,33.16,29337278.00,8962.00
2023-01-03 15:00:00,33.68,34.50,34.99,33.68,56172096.00,16616.00
2023-01-04 15:00:00,34.64,34.55,34.97,34.02,65625500.00,19442.00
2023-01-05 15:00:00,34.55,35.30,35.37,34.13,62176268.00,18148.00
2023-01-06 15:00:00,35.11,34.19,35.11,33.86,71160000.00,21107.00
2023-01-09 15:00:00,34.33,34.05,34.55,33.48,61534760.00,18510.00
2023-01-10 15:00:00,34.00,34.50,35.00,33.56,53430296.00,15879.00
2023-01-11 15:00:00,34.67,37.95,38.10,34.41,172215904.00,47461.00
2023-01-12 15:00:00,37.94,38.85,39.67,37.49,166443008.00,43762.00
2023-01-13 15:00:00,38.99,39.48,39.75,38.82,102768576.00,26641.00
2023-01-16 15:00:00,40.04,41.15,42.78,39.80,146218240.00,35949.00
2023-01-17 15:00:00,41.21,40.88,41.61,40.16,103758752.00,25964.00
2023-01-18 15:00:00,40.88,40.20,41.30,39.68,96173928.00,24419.00
2023-01-19 15:00:00,40.56,39.29,40.56,38.78,80647936.00,20923.00
2023-01-20 15:00:00,39.00,38.27,39.55,38.15,104748016.00,27657.00
2023-01-30 15:00:00,38.58,37.53,38.79,37.05,129073784.00,34983.00
2023-01-31 15:00:00,37.54,39.60,40.62,37.38,218791088.00,57060.00
2023-02-01 15:00:00,39.37,39.08,40.20,38.69,106213544.00,27673.00
2023-02-02 15:00:00,39.53,39.27,39.87,38.63,83103480.00,21634.00
2023-02-03 15:00:00,39.29,40.54,40.92,39.27,193406288.00,49034.00
2023-02-06 15:00:00,40.38,40.95,41.01,40.11,83676528.00,20981.00
2023-02-07 15:00:00,40.81,39.51,41.29,39.03,99691320.00,25510.00
2023-02-08 15:00:00,39.72,39.77,40.23,39.29,57906972.00,14882.00
2023-02-09 15:00:00,39.75,39.87,40.14,38.99,48808156.00,12580.00
2023-02-10 15:00:00,39.86,39.99,40.09,39.41,44548596.00,11422.00
2023-02-13 15:00:00,40.01,40.28,42.27,38.99,215019728.00,54378.00
2023-02-14 15:00:00,41.05,43.20,43.20,40.40,227431120.00,54887.00
2023-02-15 15:00:00,42.87,38.78,42.87,38.38,387775520.00,101066.00
2023-02-16 15:00:00,38.79,36.80,38.99,36.80,153736944.00,41830.00
2023-02-17 15:00:00,36.70,37.00,37.24,36.24,63096548.00,17427.00
2023-02-20 15:00:00,37.03,36.03,37.19,35.42,94172088.00,26794.00
2023-02-21 15:00:00,36.49,37.24,38.09,35.52,159438320.00,44024.00
2023-02-22 15:00:00,37.24,37.25,37.66,36.76,77702888.00,21335.00
2023-02-23 15:00:00,37.22,39.33,40.16,37.08,213947584.00,55541.00
2023-02-24 15:00:00,39.80,39.55,39.80,39.12,85526152.00,22124.00
2023-02-27 15:00:00,39.05,39.66,40.22,38.50,114112056.00,29406.00
2023-02-28 15:00:00,39.50,39.86,40.21,39.24,91990576.00,23567.00
2023-03-01 15:00:00,39.93,39.45,40.12,39.09,84630784.00,21877.00
2023-03-02 15:00:00,39.44,39.41,39.69,38.65,72620944.00,18858.00
2023-03-03 15:00:00,39.49,38.92,39.96,38.87,54770224.00,14171.00
2023-03-06 15:00:00,38.83,40.30,40.74,38.27,148905040.00,37984.00
2023-03-07 15:00:00,40.39,40.12,40.67,39.61,75994968.00,19300.00
2023-03-08 15:00:00,40.21,38.78,40.31,38.71,98565192.00,25603.00
2023-03-09 15:00:00,39.04,38.54,39.47,38.39,55274624.00,14532.00
2023-03-10 15:00:00,38.53,38.57,39.99,38.27,97342240.00,25416.00
2023-03-13 15:00:00,38.28,38.68,38.94,38.16,39704448.00,10509.00
2023-03-14 15:00:00,38.89,37.35,39.09,37.35,61403764.00,16475.00
2023-03-15 15:00:00,37.73,38.30,38.58,37.43,68088008.00,18168.00
2023-03-16 15:00:00,38.11,38.14,38.55,37.65,59111972.00,15839.00
2023-03-17 15:00:00,38.38,37.97,38.58,36.60,70238360.00,19247.00
2023-03-20 15:00:00,37.84,36.49,37.84,35.73,65519296.00,18320.00
2023-03-21 15:00:00,36.74,36.02,36.74,35.82,56660772.00,16038.00
2023-03-22 15:00:00,36.00,34.71,36.39,34.69,74562928.00,21536.00
2023-03-23 15:00:00,34.59,34.58,35.06,34.03,53694844.00,15912.00
2023-03-24 15:00:00,34.53,34.23,35.55,34.17,75190648.00,21989.00
2023-03-27 15:00:00,34.29,32.97,34.29,32.76,109307752.00,33693.00
2023-03-28 15:00:00,32.97,32.33,33.25,32.24,52223204.00,16312.00
2023-03-29 15:00:00,32.12,32.60,33.17,30.97,130742672.00,41491.00
2023-03-30 15:00:00,32.68,34.31,34.45,32.17,155642416.00,47348.00
2023-03-31 15:00:00,34.22,35.98,36.53,34.22,141877744.00,40387.00
2023-04-03 15:00:00,35.98,35.01,36.00,34.72,104126200.00,30196.00
2023-04-04 15:00:00,35.00,34.91,35.06,34.39,49190732.00,14487.00
2023-04-06 15:00:00,33.16,34.46,35.09,32.54,88331496.00,26604.00
2023-04-07 15:00:00,34.55,35.87,36.24,34.22,92986320.00,26610.00
2023-04-10 15:00:00,35.97,37.11,38.07,35.93,140899344.00,38323.00
2023-04-11 15:00:00,37.12,37.03,38.20,36.14,126909232.00,35022.00
2023-04-12 15:00:00,36.94,37.05,37.82,36.64,77075256.00,21214.00
2023-04-13 15:00:00,36.85,36.90,37.44,36.56,80189072.00,22161.00
2023-04-14 15:00:00,36.93,36.32,37.71,35.95,92652472.00,25816.00
2023-04-17 15:00:00,36.23,36.11,36.73,36.03,81203952.00,22871.00
2023-04-18 15:00:00,36.24,36.42,37.17,35.81,75459216.00,21120.00
2023-04-19 15:00:00,36.18,35.80,36.44,35.57,54982104.00,15604.00
2023-04-20 15:00:00,35.84,35.74,36.03,35.47,39719740.00,11345.00
2023-04-21 15:00:00,35.53,35.34,36.33,35.27,38907540.00,11113.00
2023-04-24 15:00:00,35.42,36.90,36.98,35.06,93010400.00,26041.00
2023-04-25 15:00:00,37.38,36.23,38.40,34.70,137760992.00,38364.00
2023-04-26 15:00:00,35.83,36.33,36.97,35.73,100950264.00,28348.00
2023-04-27 15:00:00,36.74,35.27,37.11,34.43,113324200.00,32534.00
2023-04-28 15:00:00,35.19,34.70,35.44,34.41,60901740.00,17844.00
2023-05-04 15:00:00,34.55,34.59,35.08,34.14,52339036.00,15484.00
2023-05-05 15:00:00,34.80,34.04,34.85,33.58,41782764.00,12592.00
2023-05-08 15:00:00,34.50,34.31,34.50,33.69,38879392.00,11627.00
2023-05-09 15:00:00,33.86,33.27,34.41,33.12,42458532.00,12895.00
2023-05-10 15:00:00,33.27,36.03,36.84,33.16,145031360.00,41554.00
2023-05-11 15:00:00,35.72,35.93,37.25,35.70,118697576.00,33155.00
2023-05-12 15:00:00,35.83,37.81,38.27,35.56,204429760.00,55996.00
2023-05-15 15:00:00,37.56,38.39,38.83,37.28,126597944.00,33696.00
2023-05-16 15:00:00,38.42,38.53,38.92,37.88,73552120.00,19447.00
2023-05-17 15:00:00,38.53,38.61,38.93,37.97,90407376.00,23907.00
2023-05-18 15:00:00,38.61,38.42,38.73,38.19,71453776.00,18985.00
2023-05-19 15:00:00,39.01,39.18,40.27,37.92,148711600.00,38624.00
2023-05-22 15:00:00,38.91,39.66,39.94,38.91,76993272.00,19855.00
2023-05-23 15:00:00,39.78,39.58,40.66,39.19,85563832.00,21959.00
2023-05-24 15:00:00,39.40,39.19,39.65,38.51,77665832.00,20241.00
2023-05-25 15:00:00,39.00,39.17,39.38,38.01,109434544.00,28992.00
2023-05-26 15:00:00,39.14,39.16,39.27,38.29,44884628.00,11778.00
2023-05-29 15:00:00,20.93,20.64,20.98,20.40,89069632.00,43136.00
2023-05-30 15:00:00,20.74,19.89,20.89,19.53,115291464.00,57794.00
2023-05-31 15:00:00,20.09,20.20,20.55,19.61,87471456.00,43335.00
2023-06-01 15:00:00,20.26,19.79,20.34,19.75,60064632.00,30062.00
2023-06-02 15:00:00,19.90,19.90,20.20,19.74,64600888.00,32360.00
2023-06-05 15:00:00,19.88,20.40,20.79,19.67,110392912.00,54664.00
2023-06-06 15:00:00,20.23,21.67,22.34,20.23,251041472.00,116164.00
2023-06-07 15:00:00,21.46,21.28,21.69,20.81,150446416.00,70864.00
2023-06-08 15:00:00,21.04,20.44,21.20,20.36,64156780.00,31079.00
2023-06-09 15:00:00,20.44,20.78,20.90,20.33,69487792.00,33550.00
2023-06-12 15:00:00,20.80,20.77,20.98,20.18,89485560.00,43612.00
2023-06-13 15:00:00,20.56,20.01,20.62,19.80,79330048.00,39277.00
2023-06-14 15:00:00,20.00,19.69,20.07,19.50,60389880.00,30703.00
2023-06-15 15:00:00,19.88,19.91,19.97,19.23,65707988.00,33450.00
2023-06-16 15:00:00,20.47,19.37,20.47,19.09,65622832.00,33458.00
2023-06-19 15:00:00,19.47,19.37,19.60,19.20,31726720.00,16382.00
2023-06-20 15:00:00,19.38,19.63,19.98,19.29,57154808.00,29092.00
2023-06-21 15:00:00,19.63,19.66,20.01,19.46,65011956.00,32962.00
2023-06-26 15:00:00,19.64,19.79,19.95,19.05,44886796.00,22912.00
2023-06-27 15:00:00,19.80,20.46,20.72,19.80,111549928.00,54881.00
2023-06-28 15:00:00,20.46,20.46,20.59,19.97,61933540.00,30404.00
2023-06-29 15:00:00,20.62,20.88,21.16,20.18,80469296.00,38712.00
2023-06-30 15:00:00,21.10,20.88,21.30,20.58,106180072.00,50411.00
2023-07-03 15:00:00,21.43,22.89,23.99,21.20,490170304.00,214298.00
2023-07-04 15:00:00,22.80,22.57,22.80,22.26,149525200.00,66457.00
2023-07-05 15:00:00,22.63,21.84,22.67,21.79,137384144.00,62200.00
2023-07-06 15:00:00,21.85,21.60,22.20,21.48,80955472.00,37326.00
2023-07-07 15:00:00,21.58,21.52,22.00,21.41,71599104.00,33016.00
2023-07-10 15:00:00,21.43,21.34,21.52,20.83,94112288.00,44718.00
2023-07-11 15:00:00,20.99,20.71,21.03,20.56,101446608.00,48842.00
2023-07-12 15:00:00,20.70,20.61,20.93,20.41,70418104.00,34044.00
2023-07-13 15:00:00,20.65,20.87,21.58,20.60,121149336.00,57278.00
2023-07-14 15:00:00,21.48,20.88,21.48,20.65,54594600.00,26151.00
2023-07-17 15:00:00,20.95,20.63,21.01,20.53,58119900.00,27998.00
2023-07-18 15:00:00,20.64,20.30,20.69,20.12,64977548.00,32036.00
2023-07-19 15:00:00,20.20,20.26,20.72,20.20,47181748.00,23068.00
2023-07-20 15:00:00,20.33,20.48,20.65,20.26,68384376.00,33439.00
2023-07-21 15:00:00,20.54,20.50,20.88,20.25,84430496.00,41016.00
2023-07-24 15:00:00,20.53,20.95,20.99,20.35,71106480.00,34187.00
2023-07-25 15:00:00,21.60,20.32,22.00,20.10,248010112.00,117966.00
2023-07-26 15:00:00,20.25,20.11,20.43,19.80,82833272.00,41109.00
2023-07-27 15:00:00,20.06,20.03,20.58,20.01,76431464.00,37707.00
2023-07-28 15:00:00,20.03,20.07,20.22,19.85,43113776.00,21530.00
2023-07-31 15:00:00,20.16,19.37,20.16,19.18,123842944.00,63621.00
2023-08-01 15:00:00,19.40,19.94,20.13,19.30,88855160.00,44702.00
2023-08-02 15:00:00,19.94,20.23,20.37,19.60,90475304.00,44865.00
2023-08-03 15:00:00,20.00,20.29,20.58,20.00,62885628.00,30863.00
2023-08-04 15:00:00,20.32,20.13,20.43,20.03,47499880.00,23598.00
2023-08-07 15:00:00,20.14,19.43,20.14,19.38,57867988.00,29592.00
2023-08-08 15:00:00,19.33,19.52,19.82,19.23,36265624.00,18570.00
2023-08-09 15:00:00,19.50,19.40,19.75,19.20,50553524.00,26019.00
2023-08-10 15:00:00,19.40,19.46,19.50,19.26,17165508.00,8865.00
2023-08-11 15:00:00,19.45,19.25,19.82,19.22,35698500.00,18302.00
2023-08-14 15:00:00,19.02,19.45,19.64,18.59,55765404.00,29235.00
2023-08-15 15:00:00,19.37,19.23,19.88,19.03,67108252.00,34535.00
2023-08-16 15:00:00,19.23,18.70,19.50,18.67,72231920.00,37992.00
2023-08-17 15:00:00,18.55,18.60,18.93,18.45,57700580.00,30981.00
2023-08-18 15:00:00,18.60,18.35,18.80,18.31,36443584.00,19737.00
2023-08-21 15:00:00,18.54,18.44,18.67,18.20,25342902.00,13778.00
2023-08-22 15:00:00,18.44,18.47,18.54,17.99,34179324.00,18735.00
2023-08-23 15:00:00,18.40,18.60,18.95,18.24,56273508.00,30173.00
2023-08-24 15:00:00,18.67,19.01,19.30,18.43,84993600.00,44878.00
2023-08-25 15:00:00,19.01,18.51,19.21,18.51,54577684.00,29042.00
2023-08-28 15:00:00,19.68,18.20,19.75,18.00,105071152.00,56909.00
2023-08-29 15:00:00,18.60,18.64,19.25,18.42,112748928.00,59910.00
2023-08-30 15:00:00,18.58,19.03,19.10,18.44,68450192.00,36220.00
2023-08-31 15:00:00,19.11,19.08,19.19,18.88,40534980.00,21245.00
2023-09-01 15:00:00,19.11,19.32,19.58,19.01,64827456.00,33505.00
2023-09-04 15:00:00,19.32,19.03,19.47,18.82,62746592.00,33038.00
2023-09-05 15:00:00,19.00,19.05,19.22,18.90,44271668.00,23207.00
2023-09-06 15:00:00,18.91,18.70,19.18,18.65,38106136.00,20277.00
2023-09-07 15:00:00,18.64,18.28,18.78,18.28,35282448.00,19075.00
2023-09-08 15:00:00,18.28,18.22,18.56,18.15,23539954.00,12854.00
2023-09-11 15:00:00,18.29,18.55,18.74,18.19,51399492.00,27673.00
2023-09-12 15:00:00,18.63,18.36,18.73,18.15,45774896.00,24929.00
2023-09-13 15:00:00,18.42,18.25,18.44,18.09,38448904.00,21115.00
2023-09-14 15:00:00,18.24,18.23,18.55,18.20,48360948.00,26360.00
2023-09-15 15:00:00,18.38,18.46,18.63,18.18,54027408.00,29260.00
2023-09-18 15:00:00,18.45,18.47,18.68,18.18,53974132.00,29341.00
2023-09-19 15:00:00,18.49,18.46,18.64,18.31,35700284.00,19384.00
2023-09-20 15:00:00,18.38,18.79,18.87,18.37,78991624.00,42210.00
2023-09-21 15:00:00,18.69,18.37,18.77,18.01,99203176.00,54471.00
2023-09-22 15:00:00,18.36,18.29,18.36,17.70,72067144.00,40098.00
2023-09-25 15:00:00,18.13,18.45,18.62,18.11,84368648.00,45687.00
2023-09-26 15:00:00,18.45,18.19,18.46,18.08,51025464.00,28033.00
2023-09-27 15:00:00,18.08,18.23,18.35,17.58,85543936.00,47197.00
2023-09-28 15:00:00,18.25,18.55,19.08,18.19,114576432.00,61489.00
2023-10-09 15:00:00,18.40,17.97,18.51,17.95,105729048.00,58441.00
2023-10-10 15:00:00,17.90,16.54,18.10,16.40,212644448.00,125472.00
2023-10-11 15:00:00,16.60,16.71,17.00,16.44,124826760.00,74554.00
2023-10-12 15:00:00,16.88,16.80,17.36,16.73,95184360.00,56073.00
2023-10-13 15:00:00,16.86,18.85,19.38,16.76,429719936.00,234562.00
2023-10-16 15:00:00,19.39,19.78,20.50,18.81,655340672.00,333644.00
2023-10-17 15:00:00,19.30,18.80,19.63,18.08,383502528.00,204341.00
2023-10-18 15:00:00,18.65,17.81,18.65,17.43,233201024.00,130248.00
2023-10-19 15:00:00,17.83,17.01,17.99,16.99,166278432.00,96352.00
2023-10-20 15:00:00,17.05,17.06,17.41,16.50,118987656.00,70074.00
2023-10-23 15:00:00,17.13,16.37,17.13,16.26,94650816.00,57047.00
2023-10-24 15:00:00,16.34,16.29,16.64,15.95,95777640.00,58853.00
2023-10-25 15:00:00,16.29,16.54,16.78,16.17,77272416.00,47031.00
2023-10-26 15:00:00,16.66,17.03,17.10,16.00,154262112.00,93637.00
2023-10-27 15:00:00,16.99,17.75,17.92,16.92,176819952.00,100875.00
2023-10-30 15:00:00,17.77,18.94,19.35,17.75,318884480.00,169847.00
2023-10-31 15:00:00,18.77,18.22,18.98,18.08,162465024.00,87667.00
2023-11-01 15:00:00,18.22,18.18,18.31,17.84,90183232.00,49864.00
2023-11-02 15:00:00,18.20,17.61,18.28,17.56,79421224.00,44762.00
2023-11-03 15:00:00,17.67,17.73,17.96,17.61,85311608.00,47989.00
2023-11-06 15:00:00,17.74,18.19,18.33,17.19,224544288.00,126575.00
2023-11-07 15:00:00,18.30,18.20,18.45,18.00,117647264.00,64645.00
2023-11-08 15:00:00,18.20,18.52,18.98,18.07,141765888.00,76090.00
2023-11-09 15:00:00,18.39,18.39,19.21,18.15,139227424.00,74997.00
2023-11-10 15:00:00,18.18,18.84,19.09,18.01,166128048.00,88704.00
2023-11-13 15:00:00,18.93,18.98,19.40,18.76,200752528.00,105408.00
2023-11-14 15:00:00,18.89,18.72,19.06,18.52,86575448.00,46209.00
2023-11-15 15:00:00,18.87,18.97,19.05,18.70,78178208.00,41361.00
2023-11-16 15:00:00,19.05,18.75,19.05,18.65,61523212.00,32771.00
2023-11-17 15:00:00,19.50,19.95,20.50,19.19,551610240.00,279182.00
2023-11-20 15:00:00,19.66,18.87,19.85,18.60,361544192.00,190692.00
2023-11-21 15:00:00,18.75,18.56,18.93,18.54,140859840.00,75189.00
2023-11-22 15:00:00,18.45,18.21,18.63,18.01,111735448.00,60766.00
2023-11-23 15:00:00,18.10,18.27,18.45,17.85,108104064.00,59624.00
2023-11-24 15:00:00,18.23,18.36,18.44,18.16,85557592.00,46771.00
2023-11-27 15:00:00,18.44,18.21,18.54,18.11,100086160.00,54828.00
2023-11-28 15:00:00,18.02,18.34,18.43,18.02,64843156.00,35507.00
2023-11-29 15:00:00,18.34,18.08,18.48,18.06,78463712.00,43069.00
2023-11-30 15:00:00,18.15,18.02,18.19,17.78,73459264.00,40974.00
2023-12-01 15:00:00,18.02,17.99,18.05,17.78,43362780.00,24196.00
2023-12-04 15:00:00,18.01,18.20,18.80,17.72,139662560.00,76329.00
2023-12-05 15:00:00,17.70,17.88,17.92,17.50,128452904.00,72734.00
2023-12-06 15:00:00,17.70,17.38,17.77,17.35,102516416.00,58394.00
2023-12-07 15:00:00,17.31,17.33,17.49,17.25,47549680.00,27377.00
2023-12-08 15:00:00,17.55,17.28,17.58,17.24,48155612.00,27763.00
2023-12-11 15:00:00,17.38,17.29,17.41,17.06,79977904.00,46386.00
2023-12-12 15:00:00,17.29,17.39,17.55,17.20,46934120.00,26954.00
2023-12-13 15:00:00,17.51,17.76,18.05,17.30,86872984.00,48922.00
2023-12-14 15:00:00,17.79,17.57,18.02,17.40,76925960.00,43750.00
2023-12-15 15:00:00,17.49,17.55,17.63,17.36,49983376.00,28577.00
2023-12-18 15:00:00,17.55,17.64,17.73,17.30,46727336.00,26669.00
2023-12-19 15:00:00,17.14,17.30,17.34,16.96,64111660.00,37411.00
2023-12-20 15:00:00,17.28,16.94,17.48,16.91,36660664.00,21355.00
2023-12-21 15:00:00,16.87,16.95,17.02,16.47,61581136.00,36735.00
2023-12-22 15:00:00,16.99,16.49,17.03,16.40,57846892.00,34709.00
2023-12-25 15:00:00,16.40,16.30,16.76,16.19,46107568.00,28109.00
2023-12-26 15:00:00,16.35,16.16,16.48,16.10,33064732.00,20292.00
2023-12-27 15:00:00,16.30,16.02,16.35,15.82,77101872.00,48350.00
2023-12-28 15:00:00,16.02,16.19,16.26,15.60,66293820.00,41455.00
2023-12-29 15:00:00,16.18,16.33,16.54,16.13,50116276.00,30688.00
2024-01-02 15:00:00,16.30,16.22,16.34,15.92,45008148.00,27844.00
2024-01-03 15:00:00,16.18,16.28,16.46,16.11,34876364.00,21397.00
2024-01-04 15:00:00,16.27,16.16,16.36,16.07,29225746.00,18079.00
2024-01-05 15:00:00,16.13,15.88,16.28,15.80,33456084.00,20871.00
2024-01-08 15:00:00,15.90,15.65,15.97,15.63,27678740.00,17547.00
2024-01-09 15:00:00,15.65,15.74,15.86,15.58,22808290.00,14482.00
2024-01-10 15:00:00,15.72,15.77,15.83,15.55,23310178.00,14846.00
2024-01-11 15:00:00,15.85,16.00,16.10,15.64,34681376.00,21880.00
2024-01-12 15:00:00,15.99,15.71,16.14,15.70,18938776.00,11912.00
2024-01-15 15:00:00,15.70,15.72,15.88,15.57,23632504.00,15069.00
2024-01-16 15:00:00,15.78,15.57,15.79,15.24,41384084.00,26698.00
2024-01-17 15:00:00,15.55,15.00,15.59,14.89,64107668.00,42498.00
2024-01-18 15:00:00,15.00,14.93,15.20,14.51,41530760.00,28088.00
2024-01-19 15:00:00,14.90,14.88,15.14,14.75,29189490.00,19516.00
2024-01-22 15:00:00,14.84,14.08,14.84,14.05,53012052.00,36689.00
2024-01-23 15:00:00,13.88,14.18,14.45,13.82,66695908.00,47299.00
2024-01-24 15:00:00,14.19,14.19,14.29,13.91,34139324.00,24254.00
2024-01-25 15:00:00,14.28,14.50,14.55,13.99,45287504.00,31512.00
2024-01-26 15:00:00,14.58,14.38,14.69,14.33,33431376.00,23035.00
2024-01-29 15:00:00,14.52,14.47,14.66,14.20,33047144.00,22965.00
2024-01-30 15:00:00,14.50,14.43,14.65,14.22,42910800.00,29562.00
2024-01-31 15:00:00,14.43,13.80,14.44,13.78,53888108.00,38262.00
2024-02-01 15:00:00,13.76,13.80,14.01,13.51,37771496.00,27507.00
2024-02-02 15:00:00,13.58,13.08,13.88,12.60,64685592.00,48923.00
2024-02-05 15:00:00,13.08,12.10,13.10,11.74,76200840.00,62541.00
2024-02-06 15:00:00,11.93,12.60,13.10,11.65,60430816.00,48616.00
2024-02-07 15:00:00,12.62,12.10,12.78,11.97,76970440.00,62365.00
2024-02-08 15:00:00,12.17,13.19,13.20,12.00,80156480.00,63144.00
2024-02-19 15:00:00,13.38,13.59,13.80,13.23,50262708.00,37125.00
2024-02-20 15:00:00,13.46,13.85,14.06,13.29,48516556.00,35129.00
2024-02-21 15:00:00,13.60,13.85,14.30,13.56,65609700.00,47111.00
2024-02-22 15:00:00,13.85,13.93,14.06,13.78,47578520.00,34239.00
2024-02-23 15:00:00,13.94,14.16,14.22,13.83,43877216.00,31315.00
2024-02-26 15:00:00,14.25,14.28,14.65,13.94,57888376.00,40561.00
2024-02-27 15:00:00,14.39,14.70,14.73,14.29,54704924.00,37742.00
2024-02-28 15:00:00,14.84,14.06,15.40,13.89,88722520.00,60506.00
2024-02-29 15:00:00,13.81,14.48,14.48,13.81,46106136.00,32303.00
2024-03-01 15:00:00,14.45,14.55,14.60,14.35,34175244.00,23590.00
2024-03-04 15:00:00,14.55,14.82,14.82,14.43,58900092.00,40229.00
2024-03-05 15:00:00,14.84,14.74,15.03,14.62,57822192.00,39016.00
2024-03-06 15:00:00,14.56,14.72,14.85,14.52,35408460.00,24172.00
2024-03-07 15:00:00,14.68,14.28,14.96,14.28,58500992.00,39978.00
2024-03-08 15:00:00,14.27,14.30,14.47,14.22,32368858.00,22608.00
2024-03-11 15:00:00,14.30,14.47,14.54,14.13,45036328.00,31448.00
2024-03-12 15:00:00,14.60,14.86,14.98,14.52,74774112.00,50713.00
2024-03-13 15:00:00,14.90,14.94,15.03,14.75,41855508.00,28072.00
2024-03-14 15:00:00,14.85,14.94,15.36,14.73,81748960.00,54300.00
2024-03-15 15:00:00,14.88,14.94,15.04,14.60,35579240.00,23897.00
2024-03-18 15:00:00,14.94,15.00,15.09,14.83,56085876.00,37518.00
2024-03-19 15:00:00,15.01,14.93,15.10,14.81,54930484.00,36761.00
2024-03-20 15:00:00,14.98,14.91,14.98,14.75,54375360.00,36646.00
2024-03-21 15:00:00,14.92,14.77,14.96,14.55,58722312.00,39923.00
2024-03-22 15:00:00,14.68,14.28,14.74,14.21,66324428.00,46117.00
2024-03-25 15:00:00,14.40,13.85,14.40,13.83,36587292.00,26011.00
2024-03-26 15:00:00,13.82,13.51,13.89,13.40,52200772.00,38374.00
2024-03-27 15:00:00,13.47,13.43,13.74,13.43,32124598.00,23685.00
2024-03-28 15:00:00,13.60,13.43,13.66,13.25,49611824.00,36801.00
2024-03-29 15:00:00,13.45,13.56,13.57,13.37,20822048.00,15461.00
2024-04-01 15:00:00,13.55,13.71,13.73,13.51,38183332.00,28021.00
2024-04-02 15:00:00,13.70,13.50,13.78,13.49,50289988.00,36926.00
2024-04-03 15:00:00,13.55,13.52,13.64,13.31,39699400.00,29406.00
2024-04-08 15:00:00,13.50,13.37,13.50,13.28,22750062.00,17000.00
2024-04-09 15:00:00,13.42,13.80,13.85,13.29,49574720.00,36448.00
2024-04-10 15:00:00,13.82,13.58,13.83,13.45,31545802.00,23251.00
2024-04-11 15:00:00,13.52,13.39,13.58,13.33,24461386.00,18157.00
2024-04-12 15:00:00,13.35,13.30,13.50,13.28,24320664.00,18195.00
2024-04-15 15:00:00,13.23,12.87,13.48,12.66,46536780.00,35903.00
2024-04-16 15:00:00,12.90,13.14,13.68,12.45,57782712.00,44411.00
2024-04-17 15:00:00,13.23,13.40,13.47,13.01,44207360.00,33217.00
2024-04-18 15:00:00,13.43,13.08,13.43,13.01,33123452.00,25176.00
2024-04-19 15:00:00,13.13,13.23,13.44,13.05,35077072.00,26568.00
2024-04-22 15:00:00,13.22,13.54,13.68,13.16,40979376.00,30426.00
2024-04-23 15:00:00,13.29,13.21,13.49,13.06,37048244.00,28110.00
2024-04-24 15:00:00,13.33,13.55,13.68,13.13,48367908.00,35946.00
2024-04-25 15:00:00,13.59,13.94,14.14,13.55,67749384.00,48758.00
2024-04-26 15:00:00,13.80,14.00,14.09,13.71,41819568.00,29944.00
2024-04-29 15:00:00,14.06,14.28,14.29,14.06,38369400.00,26992.00
2024-04-30 15:00:00,14.27,14.28,14.62,14.21,46750204.00,32508.00
2024-05-06 15:00:00,14.35,14.56,14.57,14.21,49325424.00,34122.00
2024-05-07 15:00:00,14.49,14.42,14.64,14.36,33114652.00,22889.00
2024-05-08 15:00:00,14.40,14.79,14.79,14.22,95882616.00,65650.00
2024-05-09 15:00:00,14.88,14.97,15.25,14.67,99959328.00,66689.00
2024-05-10 15:00:00,14.98,14.62,15.15,14.59,80081864.00,53922.00
2024-05-13 15:00:00,14.89,14.70,15.10,14.65,85242400.00,57364.00
2024-05-14 15:00:00,14.55,14.59,14.76,14.46,50380860.00,34500.00
2024-05-15 15:00:00,14.56,14.22,14.59,14.22,35630064.00,24892.00
2024-05-16 15:00:00,14.22,14.24,14.39,14.16,33054382.00,23154.00
2024-05-17 15:00:00,14.19,14.29,14.37,14.19,24679812.00,17290.00
2024-05-20 15:00:00,14.40,14.63,14.80,14.32,47481448.00,32513.00
2024-05-21 15:00:00,14.57,14.61,14.78,14.46,34136376.00,23345.00
2024-05-22 15:00:00,14.76,14.78,14.90,14.60,33517070.00,22751.00
2024-05-23 15:00:00,14.68,14.12,14.68,14.05,41447340.00,28987.00
2024-05-24 15:00:00,14.14,14.13,14.30,14.06,23367362.00,16519.00
2024-05-27 15:00:00,14.18,14.04,14.19,14.00,28177668.00,20035.00
2024-05-28 15:00:00,14.05,13.86,14.07,13.84,20021944.00,14380.00
2024-05-29 15:00:00,13.87,13.90,14.00,13.75,18391740.00,13281.00
2024-05-30 15:00:00,13.93,13.63,13.93,13.58,31207520.00,22795.00
2024-05-31 15:00:00,13.65,13.75,13.78,13.55,17203070.00,12579.00
2024-06-03 15:00:00,13.73,13.46,13.74,13.37,19805970.00,14660.00
2024-06-04 15:00:00,13.48,13.52,13.55,13.35,13614910.00,10111.00
2024-06-05 15:00:00,13.63,13.27,13.63,13.27,21656004.00,16143.00
2024-06-06 15:00:00,13.35,12.62,13.35,12.55,76425104.00,59597.00
2024-06-07 15:00:00,12.80,12.99,13.03,12.62,31153306.00,24263.00
2024-06-11 15:00:00,13.10,13.33,13.36,12.84,35188128.00,26718.00
2024-06-12 15:00:00,13.18,13.33,13.44,13.05,22754852.00,17071.00
2024-06-13 15:00:00,13.34,13.06,13.50,13.00,21099388.00,16063.00
2024-06-14 15:00:00,13.12,12.91,13.12,12.79,17429314.00,13517.00
2024-06-17 15:00:00,12.91,12.86,12.99,12.70,14047112.00,10935.00
2024-06-18 15:00:00,13.05,13.03,13.05,12.79,15427198.00,11914.00
2024-06-19 15:00:00,13.04,13.02,13.29,12.90,20078582.00,15331.00
2024-06-20 15:00:00,13.00,12.77,13.24,12.70,20943384.00,16221.00
2024-06-21 15:00:00,12.70,12.93,13.12,12.60,18527748.00,14320.00
2024-06-24 15:00:00,13.08,12.49,13.10,12.48,26106104.00,20558.00
2024-06-25 15:00:00,12.41,12.55,12.66,12.31,17745342.00,14248.00
2024-06-26 15:00:00,12.58,12.85,12.85,12.55,15684766.00,12325.00
2024-06-27 15:00:00,12.85,12.48,12.85,12.48,11396434.00,9032.00
2024-06-28 15:00:00,12.56,12.53,12.66,12.36,12265546.00,9800.00
2024-07-01 15:00:00,12.50,12.73,12.73,12.33,16498842.00,13183.00
2024-07-02 15:00:00,12.69,12.69,12.80,12.58,13288046.00,10488.00
2024-07-03 15:00:00,12.68,12.51,12.68,12.51,9474172.00,7545.00
2024-07-04 15:00:00,12.51,12.15,12.56,12.10,15575965.00,12669.00
2024-07-05 15:00:00,12.41,12.47,12.54,12.16,21108364.00,17094.00
2024-07-08 15:00:00,12.40,12.13,12.52,12.12,14569364.00,11921.00
2024-07-09 15:00:00,12.02,12.34,12.39,11.92,14073407.00,11565.00
2024-07-10 15:00:00,12.33,12.29,12.55,12.11,17465168.00,14110.00
2024-07-11 15:00:00,12.39,12.43,12.59,12.32,30620664.00,24659.00
2024-07-12 15:00:00,12.42,12.32,12.55,12.29,19152192.00,15467.00
2024-07-15 15:00:00,12.24,12.28,12.32,12.09,14480288.00,11862.00
2024-07-16 15:00:00,12.17,12.29,12.39,12.16,8081932.50,6610.00
2024-07-17 15:00:00,12.00,12.29,12.40,12.00,12365396.00,10074.00
2024-07-18 15:00:00,12.28,12.20,12.30,12.08,10909184.00,8946.00
2024-07-19 15:00:00,12.20,12.40,12.56,12.12,26476742.00,21360.00
2024-07-22 15:00:00,12.28,13.45,13.88,12.28,116675472.00,88140.00
2024-07-23 15:00:00,13.32,13.21,13.56,13.09,55169616.00,41727.00
2024-07-24 15:00:00,13.09,13.57,13.75,13.03,66711560.00,49657.00
2024-07-25 15:00:00,13.53,13.55,13.73,13.34,44481964.00,32825.00
2024-07-26 15:00:00,13.35,13.25,13.63,13.23,30505950.00,22873.00
2024-07-29 15:00:00,13.25,13.34,13.43,13.14,26939250.00,20237.00
2024-07-30 15:00:00,13.38,13.35,13.43,13.21,26802032.00,20114.00
2024-07-31 15:00:00,13.42,13.71,13.79,13.28,48345012.00,35333.00
2024-08-01 15:00:00,13.61,13.64,13.79,13.53,25735324.00,18856.00
2024-08-02 15:00:00,13.54,13.60,13.89,13.53,61527004.00,44782.00
2024-08-05 15:00:00,13.60,13.55,13.74,13.20,44032456.00,32743.00
2024-08-06 15:00:00,13.50,13.78,13.78,13.36,57712564.00,42319.00
2024-08-07 15:00:00,13.70,13.98,14.08,13.69,69987592.00,50341.00
2024-08-08 15:00:00,13.98,14.16,14.43,13.90,80527256.00,56620.00
2024-08-09 15:00:00,14.20,14.00,14.31,13.92,47185864.00,33625.00
